{
    "name": "SourceDataset_6g7",
    "properties": {
        "linkedServiceName": {
            "referenceName": "synapse31ageyu-WorkspaceDefaultStorage",
            "type": "LinkedServiceReference"
        },
        "annotations": [],
        "type": "DelimitedText",
        "typeProperties": {
            "location": {
                "type": "AzureBlobFSLocation",
                "fileName": "products.csv",
                "folderPath": "data",
                "fileSystem": "files"
            },
            "columnDelimiter": ",",
            "rowDelimiter": "\n",
            "escapeChar": "\\",
            "firstRowAsHeader": true,
            "quoteChar": "\""
        },
        "schema": [
            {
                "name": "ProductID",
                "type": "String"
            },
            {
                "name": "ProductName",
                "type": "String"
            },
            {
                "name": "Category",
                "type": "String"
            },
            {
                "name": "ListPrice",
                "type": "String"
            }
        ]
    },
    "type": "Microsoft.Synapse/workspaces/datasets"
}