{
    "now": "2025-04-25T22:11:22.077Z",
    "perfNow": 19190666.3,
    "diagnosticCorrelation": "03a730c7-290a-45f4-b9cd-bec4fd13e9b8",
    "source": "DownloadSupportFiles",
    "environment": {
        "productName": "a365",
        "buildVersion": "25.0409.06",
        "environmentType": 9,
        "resourceName": "synapse31ageyu",
        "resourceRegion": "westus",
        "resourceGroup": "dp203-31ageyu",
        "subscriptionId": "d108eca7-3fcd-4e52-b585-c88a16da2e25",
        "sessionId": "y7hFvM7UMe2fydvTBxqkM2",
        "operationId": "6BK4p",
        "gitType": "live",
        "loggingKey": "cf79c53f-b072-42e6-a1a7-42df30124593"
    },
    "additionalInfo": {
        "selectedResource": "Load_Product_Data",
        "selectedResourceType": "pipeline"
    }
}