{
    "name": "Load_Product_Data",
    "properties": {
        "activities": [
            {
                "name": "Copy_6g7",
                "type": "Copy",
                "dependsOn": [],
                "policy": {
                    "timeout": "0.12:00:00",
                    "retry": 0,
                    "retryIntervalInSeconds": 30,
                    "secureOutput": false,
                    "secureInput": false
                },
                "userProperties": [
                    {
                        "name": "Source",
                        "value": "files/data/products.csv"
                    },
                    {
                        "name": "Destination",
                        "value": "products"
                    }
                ],
                "typeProperties": {
                    "source": {
                        "type": "DelimitedTextSource",
                        "storeSettings": {
                            "type": "AzureBlobFSReadSettings",
                            "recursive": true,
                            "enablePartitionDiscovery": false
                        },
                        "formatSettings": {
                            "type": "DelimitedTextReadSettings",
                            "skipLineCount": 0
                        }
                    },
                    "sink": {
                        "type": "SqlPoolSink",
                        "writeBehavior": "Insert",
                        "tableOption": "autoCreate"
                    },
                    "enableStaging": false,
                    "translator": {
                        "type": "TabularTranslator",
                        "mappings": [
                            {
                                "source": {
                                    "name": "ProductID",
                                    "type": "String",
                                    "physicalType": "String"
                                },
                                "sink": {
                                    "name": "ProductID",
                                    "type": "String",
                                    "physicalType": "String"
                                }
                            },
                            {
                                "source": {
                                    "name": "ProductName",
                                    "type": "String",
                                    "physicalType": "String"
                                },
                                "sink": {
                                    "name": "ProductName",
                                    "type": "String",
                                    "physicalType": "String"
                                }
                            },
                            {
                                "source": {
                                    "name": "Category",
                                    "type": "String",
                                    "physicalType": "String"
                                },
                                "sink": {
                                    "name": "Category",
                                    "type": "String",
                                    "physicalType": "String"
                                }
                            },
                            {
                                "source": {
                                    "name": "ListPrice",
                                    "type": "String",
                                    "physicalType": "String"
                                },
                                "sink": {
                                    "name": "ListPrice",
                                    "type": "String",
                                    "physicalType": "String"
                                }
                            }
                        ],
                        "typeConversion": true,
                        "typeConversionSettings": {
                            "allowDataTruncation": true,
                            "treatBooleanAsNumber": false
                        }
                    }
                },
                "inputs": [
                    {
                        "referenceName": "SourceDataset_6g7",
                        "type": "DatasetReference"
                    }
                ],
                "outputs": [
                    {
                        "referenceName": "DestinationDataset_6g7",
                        "type": "DatasetReference"
                    }
                ]
            }
        ],
        "annotations": [],
        "lastPublishTime": "2025-04-25T21:57:31Z"
    },
    "type": "Microsoft.Synapse/workspaces/pipelines"
}